--------------------------------------------------------
--  파일이 생성됨 - 화요일-8월-08-2023   
--------------------------------------------------------
DROP TABLE "BLINGBLING"."MEMBER_TBL" cascade constraints;
DROP TABLE "BLINGBLING"."MYQNA_TBL" cascade constraints;
DROP TABLE "BLINGBLING"."NOTICE_TBL" cascade constraints;
--------------------------------------------------------
--  DDL for Table MEMBER_TBL
--------------------------------------------------------

  CREATE TABLE "BLINGBLING"."MEMBER_TBL" 
   (	"MEMBER_ID" VARCHAR2(20 BYTE), 
	"MEMBER_PW" VARCHAR2(30 BYTE), 
	"MEMBER_NAME" VARCHAR2(30 BYTE), 
	"MEMBER_POSTCODE" VARCHAR2(100 BYTE), 
	"MEMBER_ADDRESS1" VARCHAR2(100 BYTE), 
	"MEMBER_ADDRESS2" VARCHAR2(100 BYTE), 
	"MEMBER_PHONE" VARCHAR2(11 BYTE), 
	"MEMBER_EMAIL" VARCHAR2(50 BYTE), 
	"POINT" NUMBER DEFAULT 0, 
	"MEMBER_DATE" TIMESTAMP (6) DEFAULT SYSTIMESTAMP, 
	"MEMBER_YN" VARCHAR2(1 BYTE) DEFAULT 'Y'
   ) SEGMENT CREATION IMMEDIATE 
  PCTFREE 10 PCTUSED 40 INITRANS 1 MAXTRANS 255 NOCOMPRESS LOGGING
  STORAGE(INITIAL 65536 NEXT 1048576 MINEXTENTS 1 MAXEXTENTS 2147483645
  PCTINCREASE 0 FREELISTS 1 FREELIST GROUPS 1 BUFFER_POOL DEFAULT FLASH_CACHE DEFAULT CELL_FLASH_CACHE DEFAULT)
  TABLESPACE "SYSTEM" ;
--------------------------------------------------------
--  DDL for Table MYQNA_TBL
--------------------------------------------------------

  CREATE TABLE "BLINGBLING"."MYQNA_TBL" 
   (	"MYQNA_NO" NUMBER, 
	"MYQNA_TITLE" VARCHAR2(50 BYTE), 
	"MYQNA_CONTENT" VARCHAR2(2000 BYTE), 
	"MYQNA_WRITER" VARCHAR2(30 BYTE), 
	"MYQNA_PW" VARCHAR2(50 BYTE), 
	"MYQNA_DATE" TIMESTAMP (6) DEFAULT SYSTIMESTAMP, 
	"VIEW_COUNT" NUMBER DEFAULT 0
   ) SEGMENT CREATION IMMEDIATE 
  PCTFREE 10 PCTUSED 40 INITRANS 1 MAXTRANS 255 NOCOMPRESS LOGGING
  STORAGE(INITIAL 65536 NEXT 1048576 MINEXTENTS 1 MAXEXTENTS 2147483645
  PCTINCREASE 0 FREELISTS 1 FREELIST GROUPS 1 BUFFER_POOL DEFAULT FLASH_CACHE DEFAULT CELL_FLASH_CACHE DEFAULT)
  TABLESPACE "SYSTEM" ;
--------------------------------------------------------
--  DDL for Table NOTICE_TBL
--------------------------------------------------------

  CREATE TABLE "BLINGBLING"."NOTICE_TBL" 
   (	"NOTICE_NO" NUMBER, 
	"NOTICE_TITLE" VARCHAR2(100 BYTE), 
	"NOTICE_CONTENT" VARCHAR2(2000 BYTE), 
	"NOTICE_WRITER" VARCHAR2(30 BYTE), 
	"NOTICE_DATE" DATE DEFAULT SYSDATE, 
	"VIEW_COUNT" NUMBER DEFAULT 0
   ) SEGMENT CREATION IMMEDIATE 
  PCTFREE 10 PCTUSED 40 INITRANS 1 MAXTRANS 255 NOCOMPRESS LOGGING
  STORAGE(INITIAL 65536 NEXT 1048576 MINEXTENTS 1 MAXEXTENTS 2147483645
  PCTINCREASE 0 FREELISTS 1 FREELIST GROUPS 1 BUFFER_POOL DEFAULT FLASH_CACHE DEFAULT CELL_FLASH_CACHE DEFAULT)
  TABLESPACE "SYSTEM" ;
REM INSERTING into BLINGBLING.MEMBER_TBL
SET DEFINE OFF;
Insert into BLINGBLING.MEMBER_TBL (MEMBER_ID,MEMBER_PW,MEMBER_NAME,MEMBER_POSTCODE,MEMBER_ADDRESS1,MEMBER_ADDRESS2,MEMBER_PHONE,MEMBER_EMAIL,POINT,MEMBER_DATE,MEMBER_YN) values ('khuser01','pass01','일용자','01000','서울시 중랑구 사가정로46길 61','2층','01011112222','khuser@gmail.com',0,to_timestamp('23/07/31 14:17:10.460000000','RR/MM/DD HH24:MI:SSXFF'),'Y');
Insert into BLINGBLING.MEMBER_TBL (MEMBER_ID,MEMBER_PW,MEMBER_NAME,MEMBER_POSTCODE,MEMBER_ADDRESS1,MEMBER_ADDRESS2,MEMBER_PHONE,MEMBER_EMAIL,POINT,MEMBER_DATE,MEMBER_YN) values ('khuser02','pass02','이용자','04540','서울 중구 남대문로 120','201호','01022223333','khuser02@naver.com',0,to_timestamp('23/08/01 08:50:20.576000000','RR/MM/DD HH24:MI:SSXFF'),'Y');
Insert into BLINGBLING.MEMBER_TBL (MEMBER_ID,MEMBER_PW,MEMBER_NAME,MEMBER_POSTCODE,MEMBER_ADDRESS1,MEMBER_ADDRESS2,MEMBER_PHONE,MEMBER_EMAIL,POINT,MEMBER_DATE,MEMBER_YN) values ('khuser03','pass03','삼식이','04540','서울 중구 남대문로 120','301호','01033331313','khuser03@gmail.com',0,to_timestamp('23/08/01 08:56:25.044000000','RR/MM/DD HH24:MI:SSXFF'),'Y');
REM INSERTING into BLINGBLING.MYQNA_TBL
SET DEFINE OFF;
Insert into BLINGBLING.MYQNA_TBL (MYQNA_NO,MYQNA_TITLE,MYQNA_CONTENT,MYQNA_WRITER,MYQNA_PW,MYQNA_DATE,VIEW_COUNT) values (63,'[배송 문의]','2번째 문의~','khuser01','1234',to_timestamp('23/08/04 16:41:33.705000000','RR/MM/DD HH24:MI:SSXFF'),0);
Insert into BLINGBLING.MYQNA_TBL (MYQNA_NO,MYQNA_TITLE,MYQNA_CONTENT,MYQNA_WRITER,MYQNA_PW,MYQNA_DATE,VIEW_COUNT) values (55,'[배송 문의]','ㅇㄹㅇㄹㅇㄹ','khuser01',null,to_timestamp('23/08/04 16:37:32.526000000','RR/MM/DD HH24:MI:SSXFF'),0);
Insert into BLINGBLING.MYQNA_TBL (MYQNA_NO,MYQNA_TITLE,MYQNA_CONTENT,MYQNA_WRITER,MYQNA_PW,MYQNA_DATE,VIEW_COUNT) values (62,'[배송 문의]','1번째 문의~','khuser01','1234',to_timestamp('23/08/04 16:41:33.705000000','RR/MM/DD HH24:MI:SSXFF'),0);
Insert into BLINGBLING.MYQNA_TBL (MYQNA_NO,MYQNA_TITLE,MYQNA_CONTENT,MYQNA_WRITER,MYQNA_PW,MYQNA_DATE,VIEW_COUNT) values (64,'[배송 문의]','3번째 문의~','khuser01','1234',to_timestamp('23/08/04 16:41:33.705000000','RR/MM/DD HH24:MI:SSXFF'),0);
Insert into BLINGBLING.MYQNA_TBL (MYQNA_NO,MYQNA_TITLE,MYQNA_CONTENT,MYQNA_WRITER,MYQNA_PW,MYQNA_DATE,VIEW_COUNT) values (65,'[배송 문의]','4번째 문의~','khuser01','1234',to_timestamp('23/08/04 16:41:33.705000000','RR/MM/DD HH24:MI:SSXFF'),0);
Insert into BLINGBLING.MYQNA_TBL (MYQNA_NO,MYQNA_TITLE,MYQNA_CONTENT,MYQNA_WRITER,MYQNA_PW,MYQNA_DATE,VIEW_COUNT) values (60,'[배송 문의]','ㄴㄹㄴㄹㄴㄹ','khuser01',null,to_timestamp('23/08/04 16:38:27.201000000','RR/MM/DD HH24:MI:SSXFF'),0);
Insert into BLINGBLING.MYQNA_TBL (MYQNA_NO,MYQNA_TITLE,MYQNA_CONTENT,MYQNA_WRITER,MYQNA_PW,MYQNA_DATE,VIEW_COUNT) values (66,'[배송 문의]','5번째 문의~','khuser01','1234',to_timestamp('23/08/04 16:41:33.705000000','RR/MM/DD HH24:MI:SSXFF'),0);
Insert into BLINGBLING.MYQNA_TBL (MYQNA_NO,MYQNA_TITLE,MYQNA_CONTENT,MYQNA_WRITER,MYQNA_PW,MYQNA_DATE,VIEW_COUNT) values (67,'[배송 문의]','6번째 문의~','khuser01','1234',to_timestamp('23/08/04 16:41:33.705000000','RR/MM/DD HH24:MI:SSXFF'),0);
Insert into BLINGBLING.MYQNA_TBL (MYQNA_NO,MYQNA_TITLE,MYQNA_CONTENT,MYQNA_WRITER,MYQNA_PW,MYQNA_DATE,VIEW_COUNT) values (68,'[배송 문의]','7번째 문의~','khuser01','1234',to_timestamp('23/08/04 16:41:33.705000000','RR/MM/DD HH24:MI:SSXFF'),0);
Insert into BLINGBLING.MYQNA_TBL (MYQNA_NO,MYQNA_TITLE,MYQNA_CONTENT,MYQNA_WRITER,MYQNA_PW,MYQNA_DATE,VIEW_COUNT) values (69,'[배송 문의]','8번째 문의~','khuser01','1234',to_timestamp('23/08/04 16:41:33.705000000','RR/MM/DD HH24:MI:SSXFF'),0);
Insert into BLINGBLING.MYQNA_TBL (MYQNA_NO,MYQNA_TITLE,MYQNA_CONTENT,MYQNA_WRITER,MYQNA_PW,MYQNA_DATE,VIEW_COUNT) values (70,'[배송 문의]','9번째 문의~','khuser01','1234',to_timestamp('23/08/04 16:41:33.705000000','RR/MM/DD HH24:MI:SSXFF'),0);
Insert into BLINGBLING.MYQNA_TBL (MYQNA_NO,MYQNA_TITLE,MYQNA_CONTENT,MYQNA_WRITER,MYQNA_PW,MYQNA_DATE,VIEW_COUNT) values (71,'[배송 문의]','10번째 문의~','khuser01','1234',to_timestamp('23/08/04 16:41:33.705000000','RR/MM/DD HH24:MI:SSXFF'),0);
Insert into BLINGBLING.MYQNA_TBL (MYQNA_NO,MYQNA_TITLE,MYQNA_CONTENT,MYQNA_WRITER,MYQNA_PW,MYQNA_DATE,VIEW_COUNT) values (72,'[배송 문의]','11번째 문의~','khuser01','1234',to_timestamp('23/08/04 16:41:33.705000000','RR/MM/DD HH24:MI:SSXFF'),0);
Insert into BLINGBLING.MYQNA_TBL (MYQNA_NO,MYQNA_TITLE,MYQNA_CONTENT,MYQNA_WRITER,MYQNA_PW,MYQNA_DATE,VIEW_COUNT) values (73,'[배송 문의]','12번째 문의~','khuser01','1234',to_timestamp('23/08/04 16:41:33.705000000','RR/MM/DD HH24:MI:SSXFF'),0);
Insert into BLINGBLING.MYQNA_TBL (MYQNA_NO,MYQNA_TITLE,MYQNA_CONTENT,MYQNA_WRITER,MYQNA_PW,MYQNA_DATE,VIEW_COUNT) values (74,'[배송 문의]','13번째 문의~','khuser01','1234',to_timestamp('23/08/04 16:41:33.705000000','RR/MM/DD HH24:MI:SSXFF'),0);
Insert into BLINGBLING.MYQNA_TBL (MYQNA_NO,MYQNA_TITLE,MYQNA_CONTENT,MYQNA_WRITER,MYQNA_PW,MYQNA_DATE,VIEW_COUNT) values (75,'[배송 문의]','14번째 문의~','khuser01','1234',to_timestamp('23/08/04 16:41:33.705000000','RR/MM/DD HH24:MI:SSXFF'),0);
Insert into BLINGBLING.MYQNA_TBL (MYQNA_NO,MYQNA_TITLE,MYQNA_CONTENT,MYQNA_WRITER,MYQNA_PW,MYQNA_DATE,VIEW_COUNT) values (76,'[배송 문의]','15번째 문의~','khuser01','1234',to_timestamp('23/08/04 16:41:33.705000000','RR/MM/DD HH24:MI:SSXFF'),0);
Insert into BLINGBLING.MYQNA_TBL (MYQNA_NO,MYQNA_TITLE,MYQNA_CONTENT,MYQNA_WRITER,MYQNA_PW,MYQNA_DATE,VIEW_COUNT) values (77,'[배송 문의]','16번째 문의~','khuser01','1234',to_timestamp('23/08/04 16:41:33.705000000','RR/MM/DD HH24:MI:SSXFF'),0);
Insert into BLINGBLING.MYQNA_TBL (MYQNA_NO,MYQNA_TITLE,MYQNA_CONTENT,MYQNA_WRITER,MYQNA_PW,MYQNA_DATE,VIEW_COUNT) values (78,'[배송 문의]','17번째 문의~','khuser01','1234',to_timestamp('23/08/04 16:41:33.705000000','RR/MM/DD HH24:MI:SSXFF'),0);
Insert into BLINGBLING.MYQNA_TBL (MYQNA_NO,MYQNA_TITLE,MYQNA_CONTENT,MYQNA_WRITER,MYQNA_PW,MYQNA_DATE,VIEW_COUNT) values (79,'[배송 문의]','18번째 문의~','khuser01','1234',to_timestamp('23/08/04 16:41:33.705000000','RR/MM/DD HH24:MI:SSXFF'),0);
Insert into BLINGBLING.MYQNA_TBL (MYQNA_NO,MYQNA_TITLE,MYQNA_CONTENT,MYQNA_WRITER,MYQNA_PW,MYQNA_DATE,VIEW_COUNT) values (80,'[배송 문의]','19번째 문의~','khuser01','1234',to_timestamp('23/08/04 16:41:33.705000000','RR/MM/DD HH24:MI:SSXFF'),0);
Insert into BLINGBLING.MYQNA_TBL (MYQNA_NO,MYQNA_TITLE,MYQNA_CONTENT,MYQNA_WRITER,MYQNA_PW,MYQNA_DATE,VIEW_COUNT) values (81,'[배송 문의]','20번째 문의~','khuser01','1234',to_timestamp('23/08/04 16:41:33.705000000','RR/MM/DD HH24:MI:SSXFF'),0);
Insert into BLINGBLING.MYQNA_TBL (MYQNA_NO,MYQNA_TITLE,MYQNA_CONTENT,MYQNA_WRITER,MYQNA_PW,MYQNA_DATE,VIEW_COUNT) values (82,'[배송 문의]','21번째 문의~','khuser01','1234',to_timestamp('23/08/04 16:41:33.705000000','RR/MM/DD HH24:MI:SSXFF'),0);
Insert into BLINGBLING.MYQNA_TBL (MYQNA_NO,MYQNA_TITLE,MYQNA_CONTENT,MYQNA_WRITER,MYQNA_PW,MYQNA_DATE,VIEW_COUNT) values (83,'[배송 문의]','22번째 문의~','khuser01','1234',to_timestamp('23/08/04 16:41:33.705000000','RR/MM/DD HH24:MI:SSXFF'),0);
Insert into BLINGBLING.MYQNA_TBL (MYQNA_NO,MYQNA_TITLE,MYQNA_CONTENT,MYQNA_WRITER,MYQNA_PW,MYQNA_DATE,VIEW_COUNT) values (84,'[배송 문의]','23번째 문의~','khuser01','1234',to_timestamp('23/08/04 16:41:33.705000000','RR/MM/DD HH24:MI:SSXFF'),0);
Insert into BLINGBLING.MYQNA_TBL (MYQNA_NO,MYQNA_TITLE,MYQNA_CONTENT,MYQNA_WRITER,MYQNA_PW,MYQNA_DATE,VIEW_COUNT) values (85,'[배송 문의]','24번째 문의~','khuser01','1234',to_timestamp('23/08/04 16:41:33.705000000','RR/MM/DD HH24:MI:SSXFF'),0);
Insert into BLINGBLING.MYQNA_TBL (MYQNA_NO,MYQNA_TITLE,MYQNA_CONTENT,MYQNA_WRITER,MYQNA_PW,MYQNA_DATE,VIEW_COUNT) values (86,'[배송 문의]','25번째 문의~','khuser01','1234',to_timestamp('23/08/04 16:41:33.705000000','RR/MM/DD HH24:MI:SSXFF'),0);
Insert into BLINGBLING.MYQNA_TBL (MYQNA_NO,MYQNA_TITLE,MYQNA_CONTENT,MYQNA_WRITER,MYQNA_PW,MYQNA_DATE,VIEW_COUNT) values (87,'[배송 문의]','26번째 문의~','khuser01','1234',to_timestamp('23/08/04 16:41:33.705000000','RR/MM/DD HH24:MI:SSXFF'),0);
Insert into BLINGBLING.MYQNA_TBL (MYQNA_NO,MYQNA_TITLE,MYQNA_CONTENT,MYQNA_WRITER,MYQNA_PW,MYQNA_DATE,VIEW_COUNT) values (88,'[배송 문의]','배송해줘~','khuser02',null,to_timestamp('23/08/07 08:45:58.292000000','RR/MM/DD HH24:MI:SSXFF'),0);
REM INSERTING into BLINGBLING.NOTICE_TBL
SET DEFINE OFF;
Insert into BLINGBLING.NOTICE_TBL (NOTICE_NO,NOTICE_TITLE,NOTICE_CONTENT,NOTICE_WRITER,NOTICE_DATE,VIEW_COUNT) values (1,'[공지] 반지 사이즈 안내','반지 사이즈 안내<br>반지 사이즈 안내<br>반지 사이즈 안내<br>반지 사이즈 안내<br>반지 사이즈 안내<br>반지 사이즈 안내','BlingBling',to_date('23/08/01','RR/MM/DD'),0);
Insert into BLINGBLING.NOTICE_TBL (NOTICE_NO,NOTICE_TITLE,NOTICE_CONTENT,NOTICE_WRITER,NOTICE_DATE,VIEW_COUNT) values (2,'[공지] 사은품 안내','사은품 안내<br>사은품 안내<br>사은품 안내<br>사은품 안내<br>사은품 안내<br>사은품 안내','BlingBling',to_date('23/08/01','RR/MM/DD'),0);
Insert into BLINGBLING.NOTICE_TBL (NOTICE_NO,NOTICE_TITLE,NOTICE_CONTENT,NOTICE_WRITER,NOTICE_DATE,VIEW_COUNT) values (3,'[공지] A/S 안내','A/S 안내<br>A/S 안내<br>A/S 안내<br>A/S 안내<br>A/S 안내<br>A/S 안내','BlingBling',to_date('23/08/01','RR/MM/DD'),0);
Insert into BLINGBLING.NOTICE_TBL (NOTICE_NO,NOTICE_TITLE,NOTICE_CONTENT,NOTICE_WRITER,NOTICE_DATE,VIEW_COUNT) values (4,'[공지] 간편결제 수단 안내','간편결제 수단 안내<br>간편결제 수단 안내<br>간편결제 수단 안내<br>간편결제 수단 안내<br>간편결제 수단 안내<br>간편결제 수단 안내','BlingBling',to_date('23/08/01','RR/MM/DD'),0);
Insert into BLINGBLING.NOTICE_TBL (NOTICE_NO,NOTICE_TITLE,NOTICE_CONTENT,NOTICE_WRITER,NOTICE_DATE,VIEW_COUNT) values (5,'[공지] 석가탄신일 연휴로 인한 배송 지연 안내','석가탄신일 연휴로 인한 배송 지연 안내<br>석가탄신일 연휴로 인한 배송 지연 안내<br>석가탄신일 연휴로 인한 배송 지연 안내<br>석가탄신일 연휴로 인한 배송 지연 안내<br>석가탄신일 연휴로 인한 배송 지연 안내<br>석가탄신일 연휴로 인한 배송 지연 안내','BlingBling',to_date('23/08/01','RR/MM/DD'),0);
Insert into BLINGBLING.NOTICE_TBL (NOTICE_NO,NOTICE_TITLE,NOTICE_CONTENT,NOTICE_WRITER,NOTICE_DATE,VIEW_COUNT) values (6,'[공지] 사은품 서비스 중단 안내','사은품 서비스 중단 안내<br>사은품 서비스 중단 안내<br>사은품 서비스 중단 안내<br>사은품 서비스 중단 안내<br>사은품 서비스 중단 안내<br>사은품 서비스 중단 안내','BlingBling',to_date('23/08/01','RR/MM/DD'),0);
Insert into BLINGBLING.NOTICE_TBL (NOTICE_NO,NOTICE_TITLE,NOTICE_CONTENT,NOTICE_WRITER,NOTICE_DATE,VIEW_COUNT) values (7,'[공지] 카카오페이 결제시 할인 이벤트','카카오페이 결제시 할인 이벤트<br>카카오페이 결제시 할인 이벤트<br>카카오페이 결제시 할인 이벤트<br>카카오페이 결제시 할인 이벤트<br>카카오페이 결제시 할인 이벤트<br>카카오페이 결제시 할인 이벤트','BlingBling',to_date('23/08/01','RR/MM/DD'),0);
Insert into BLINGBLING.NOTICE_TBL (NOTICE_NO,NOTICE_TITLE,NOTICE_CONTENT,NOTICE_WRITER,NOTICE_DATE,VIEW_COUNT) values (8,'[공지] 6/20 서비스 점검 안내','6/20 서비스 점검 안내br>6/20 서비스 점검 안내<br>6/20 서비스 점검 안내<br>6/20 서비스 점검 안내<br>6/20 서비스 점검 안내<br>6/20 서비스 점검 안내','BlingBling',to_date('23/08/01','RR/MM/DD'),0);
--------------------------------------------------------
--  DDL for Index SYS_C007240
--------------------------------------------------------

  CREATE UNIQUE INDEX "BLINGBLING"."SYS_C007240" ON "BLINGBLING"."MEMBER_TBL" ("MEMBER_ID") 
  PCTFREE 10 INITRANS 2 MAXTRANS 255 COMPUTE STATISTICS 
  STORAGE(INITIAL 65536 NEXT 1048576 MINEXTENTS 1 MAXEXTENTS 2147483645
  PCTINCREASE 0 FREELISTS 1 FREELIST GROUPS 1 BUFFER_POOL DEFAULT FLASH_CACHE DEFAULT CELL_FLASH_CACHE DEFAULT)
  TABLESPACE "SYSTEM" ;
--------------------------------------------------------
--  DDL for Index SYS_C007247
--------------------------------------------------------

  CREATE UNIQUE INDEX "BLINGBLING"."SYS_C007247" ON "BLINGBLING"."MYQNA_TBL" ("MYQNA_NO") 
  PCTFREE 10 INITRANS 2 MAXTRANS 255 COMPUTE STATISTICS 
  STORAGE(INITIAL 65536 NEXT 1048576 MINEXTENTS 1 MAXEXTENTS 2147483645
  PCTINCREASE 0 FREELISTS 1 FREELIST GROUPS 1 BUFFER_POOL DEFAULT FLASH_CACHE DEFAULT CELL_FLASH_CACHE DEFAULT)
  TABLESPACE "SYSTEM" ;
--------------------------------------------------------
--  DDL for Index SYS_C007244
--------------------------------------------------------

  CREATE UNIQUE INDEX "BLINGBLING"."SYS_C007244" ON "BLINGBLING"."NOTICE_TBL" ("NOTICE_NO") 
  PCTFREE 10 INITRANS 2 MAXTRANS 255 COMPUTE STATISTICS 
  STORAGE(INITIAL 65536 NEXT 1048576 MINEXTENTS 1 MAXEXTENTS 2147483645
  PCTINCREASE 0 FREELISTS 1 FREELIST GROUPS 1 BUFFER_POOL DEFAULT FLASH_CACHE DEFAULT CELL_FLASH_CACHE DEFAULT)
  TABLESPACE "SYSTEM" ;
--------------------------------------------------------
--  Constraints for Table MEMBER_TBL
--------------------------------------------------------

  ALTER TABLE "BLINGBLING"."MEMBER_TBL" ADD PRIMARY KEY ("MEMBER_ID")
  USING INDEX PCTFREE 10 INITRANS 2 MAXTRANS 255 COMPUTE STATISTICS 
  STORAGE(INITIAL 65536 NEXT 1048576 MINEXTENTS 1 MAXEXTENTS 2147483645
  PCTINCREASE 0 FREELISTS 1 FREELIST GROUPS 1 BUFFER_POOL DEFAULT FLASH_CACHE DEFAULT CELL_FLASH_CACHE DEFAULT)
  TABLESPACE "SYSTEM"  ENABLE;
  ALTER TABLE "BLINGBLING"."MEMBER_TBL" MODIFY ("MEMBER_EMAIL" NOT NULL ENABLE);
  ALTER TABLE "BLINGBLING"."MEMBER_TBL" MODIFY ("MEMBER_PHONE" NOT NULL ENABLE);
  ALTER TABLE "BLINGBLING"."MEMBER_TBL" MODIFY ("MEMBER_ADDRESS2" NOT NULL ENABLE);
  ALTER TABLE "BLINGBLING"."MEMBER_TBL" MODIFY ("MEMBER_ADDRESS1" NOT NULL ENABLE);
  ALTER TABLE "BLINGBLING"."MEMBER_TBL" MODIFY ("MEMBER_POSTCODE" NOT NULL ENABLE);
  ALTER TABLE "BLINGBLING"."MEMBER_TBL" MODIFY ("MEMBER_NAME" NOT NULL ENABLE);
  ALTER TABLE "BLINGBLING"."MEMBER_TBL" MODIFY ("MEMBER_PW" NOT NULL ENABLE);
--------------------------------------------------------
--  Constraints for Table MYQNA_TBL
--------------------------------------------------------

  ALTER TABLE "BLINGBLING"."MYQNA_TBL" ADD PRIMARY KEY ("MYQNA_NO")
  USING INDEX PCTFREE 10 INITRANS 2 MAXTRANS 255 COMPUTE STATISTICS 
  STORAGE(INITIAL 65536 NEXT 1048576 MINEXTENTS 1 MAXEXTENTS 2147483645
  PCTINCREASE 0 FREELISTS 1 FREELIST GROUPS 1 BUFFER_POOL DEFAULT FLASH_CACHE DEFAULT CELL_FLASH_CACHE DEFAULT)
  TABLESPACE "SYSTEM"  ENABLE;
  ALTER TABLE "BLINGBLING"."MYQNA_TBL" MODIFY ("MYQNA_CONTENT" NOT NULL ENABLE);
  ALTER TABLE "BLINGBLING"."MYQNA_TBL" MODIFY ("MYQNA_TITLE" NOT NULL ENABLE);
--------------------------------------------------------
--  Constraints for Table NOTICE_TBL
--------------------------------------------------------

  ALTER TABLE "BLINGBLING"."NOTICE_TBL" ADD PRIMARY KEY ("NOTICE_NO")
  USING INDEX PCTFREE 10 INITRANS 2 MAXTRANS 255 COMPUTE STATISTICS 
  STORAGE(INITIAL 65536 NEXT 1048576 MINEXTENTS 1 MAXEXTENTS 2147483645
  PCTINCREASE 0 FREELISTS 1 FREELIST GROUPS 1 BUFFER_POOL DEFAULT FLASH_CACHE DEFAULT CELL_FLASH_CACHE DEFAULT)
  TABLESPACE "SYSTEM"  ENABLE;
  ALTER TABLE "BLINGBLING"."NOTICE_TBL" MODIFY ("NOTICE_WRITER" NOT NULL ENABLE);
  ALTER TABLE "BLINGBLING"."NOTICE_TBL" MODIFY ("NOTICE_CONTENT" NOT NULL ENABLE);
  ALTER TABLE "BLINGBLING"."NOTICE_TBL" MODIFY ("NOTICE_TITLE" NOT NULL ENABLE);
